"p_val","avg_log2FC","pct.1","pct.2","p_val_adj","gene","significance"
2.35177004267789e-87,1.38563823203608,0.984,0.923,5.90976294024526e-83,"Gm42418","Upregulated"
5.55902721491822e-51,1.29255717965191,0.493,0.27,1.3969279488368e-46,"mt-Atp8","Upregulated"
7.82702062460498e-51,-0.726399749259956,0.773,0.893,1.96685201275698e-46,"Cd14","Downregulated"
7.48819613267219e-46,-0.677346284134028,0.71,0.837,1.88170880617919e-41,"Nfkbia","Downregulated"
1.04830773187581e-42,0.942714680209766,0.481,0.273,2.63429249943072e-38,"Tubb4b","Upregulated"
2.25033730391248e-41,2.70870525830293,0.337,0.156,5.65487261100166e-37,"Obp1a","Upregulated"
8.29330355046112e-41,-0.568990617185821,0.846,0.903,2.08402424919538e-36,"Dusp1","Downregulated"
1.12126733343936e-40,-0.452662474549907,0.919,0.953,2.81763268219976e-36,"Zfp36","Not Significant"
1.66605099853936e-38,-0.504273652614426,0.952,0.962,4.18661955422955e-34,"Jund","Downregulated"
3.9182601888059e-38,0.406999361273488,0.989,0.975,9.84619602845033e-34,"Calm1","Not Significant"
9.28473149533635e-34,0.851943303102099,0.433,0.254,2.33316017746307e-29,"S100a5","Upregulated"
1.47017654066881e-33,-0.378157383820663,0.989,0.99,3.69440662904664e-29,"Fos","Not Significant"
1.86521534855939e-33,0.869017704734124,0.412,0.233,4.6870996493949e-29,"Gng13","Upregulated"
1.80421077782865e-32,0.882971022993166,0.383,0.206,4.53380126360561e-28,"Omp","Upregulated"
3.91266853309437e-32,-1.16267368571531,0.304,0.458,9.83214475681283e-28,"Cxcl2","Downregulated"
4.83175146657692e-32,0.803242111871852,0.415,0.239,1.21417082603611e-27,"Atp1b1","Upregulated"
6.88892681596042e-32,0.792728970595461,0.419,0.245,1.73111841958269e-27,"Stoml3","Upregulated"
8.07113174551603e-32,1.02997164100294,0.341,0.168,2.02819469633072e-27,"Gnal","Upregulated"
1.25537723752766e-31,-0.798879387325268,0.371,0.528,3.15463746018326e-27,"Marcksl1","Downregulated"
2.39012125110962e-31,0.821093579892461,0.404,0.231,6.00613569191336e-27,"Map1b","Upregulated"
2.84029864305994e-31,-0.271430007211405,0.987,0.993,7.13738646014532e-27,"Cd74","Not Significant"
2.46117725051757e-30,1.00551597704973,0.327,0.161,6.1846923128256e-26,"Tshz2","Upregulated"
1.03109598412284e-29,1.14447322449844,0.295,0.134,2.59104109850228e-25,"Atf5","Upregulated"
2.21337276694376e-29,-0.649595433586622,0.397,0.54,5.56198442605296e-25,"Ost4","Downregulated"
2.99823804707295e-29,-0.61818089290578,0.565,0.694,7.53427238848961e-25,"Cd83","Downregulated"
4.07270454193149e-29,1.09935722099857,0.296,0.137,1.02342992434196e-24,"Fstl5","Upregulated"
1.92573620724289e-27,0.676716786308045,0.436,0.274,4.83918251518065e-23,"Tuba1a","Upregulated"
8.41706644315303e-27,-0.367282827585588,0.969,0.975,2.11512462649993e-22,"Btg2","Not Significant"
8.68554553893827e-27,1.12151340245658,0.275,0.127,2.1825907384798e-22,"Chga","Upregulated"
2.62522094737691e-26,0.553688014091959,0.613,0.427,6.59691771866344e-22,"Dstn","Upregulated"
1.99893372921173e-25,1.12232594670674,0.26,0.118,5.02312056813615e-21,"Nsg1","Upregulated"
3.15421563650711e-25,1.13968180633027,0.262,0.118,7.92622847297873e-21,"Chchd10","Upregulated"
8.25008031028583e-25,1.15171095368078,0.251,0.113,2.07316268117173e-20,"Gfy","Upregulated"
1.67996113235929e-24,1.07224475863404,0.269,0.129,4.22157432950565e-20,"Epcam","Upregulated"
3.73642506211889e-23,-0.53078034047945,0.776,0.832,9.38926253859856e-19,"Il1b","Downregulated"
6.68108731407057e-23,-0.474550292588225,0.883,0.922,1.67889043115279e-18,"Lyz2","Not Significant"
1.15655290904659e-22,-0.780606752188127,0.329,0.46,2.90630180514317e-18,"Klf2","Downregulated"
1.54442005544675e-22,-0.510974655478028,0.679,0.781,3.88097315733215e-18,"Klf6","Downregulated"
4.25620147951757e-22,1.04078864012628,0.248,0.119,1.06954086978797e-17,"Ebf1","Upregulated"
6.14328726107837e-22,0.466928546401229,0.707,0.545,1.54374665583638e-17,"Gnb1","Not Significant"
8.36869926486342e-22,1.29882202750191,0.221,0.098,2.10297043826753e-17,"Arl6ip5","Upregulated"
1.69688869521541e-21,-0.751619013154221,0.315,0.436,4.26411160220681e-17,"Tnfaip3","Downregulated"
6.89811499451168e-21,0.969873627349582,0.251,0.124,1.73342731697084e-16,"Olfm1","Upregulated"
1.26253542711074e-20,-0.49180761391456,0.553,0.668,3.17262527478657e-16,"Socs3","Not Significant"
6.13592885072209e-20,-0.55470581384342,0.63,0.714,1.54189756089795e-15,"Fosb","Downregulated"
1.36551168343971e-19,0.519986022328211,0.674,0.51,3.43139430931565e-15,"App","Upregulated"
1.77728986745254e-19,0.353901361073544,0.866,0.801,4.4661517079215e-15,"Rrbp1","Not Significant"
9.06772385611901e-19,-0.330328802147838,0.727,0.842,2.27862832780415e-14,"Selenop","Not Significant"
1.69223411367153e-18,0.68565432492535,0.464,0.332,4.2524151042452e-14,"Nmt1","Upregulated"
1.85302858763975e-18,0.353971457251815,0.844,0.702,4.65647553787994e-14,"Serbp1","Not Significant"
2.59709342292541e-18,-0.971520954769975,0.177,0.279,6.52623606246927e-14,"Il1a","Downregulated"
1.06674945473847e-17,0.576581065719795,0.487,0.346,2.6806347048123e-13,"Hnrnpm","Upregulated"
3.80467603389461e-17,2.25054603485896,0.106,0.029,9.56077040557376e-13,"Cfb","Upregulated"
4.3913495810514e-17,-0.51103281261361,0.255,0.374,1.10350223622241e-12,"Fcrls","Downregulated"
1.37085704601912e-16,0.364286140542601,0.784,0.702,3.44482667094145e-12,"Ptms","Not Significant"
1.68701188372656e-16,-0.349875158720312,0.677,0.769,4.23929216261646e-12,"Trf","Not Significant"
1.84710518507321e-16,1.17118071856756,0.17,0.076,4.64159061957046e-12,"Myo6","Upregulated"
2.43842752270232e-16,0.877608313059148,0.224,0.118,6.12752452179867e-12,"Msi2","Upregulated"
4.87137334801337e-16,1.18314396045628,0.166,0.074,1.22412740862228e-11,"Sult1d1","Upregulated"
2.03493814665035e-15,-0.562291795209352,0.337,0.443,5.11359606871767e-11,"Sdc4","Downregulated"
2.41907421156788e-15,-0.273973007575933,0.984,0.981,6.07889158624894e-11,"Ubc","Not Significant"
2.51959092697637e-15,-0.679562381754651,0.268,0.356,6.33148004039892e-11,"Sec11c","Downregulated"
4.25263550451096e-15,0.748086721069732,0.249,0.145,1.06864477592856e-10,"Tsc22d1","Upregulated"
8.49197620882872e-15,-0.804928421402676,0.319,0.419,2.13394870151657e-10,"Pf4","Downregulated"
1.94547271615388e-14,-0.510920391643042,0.556,0.646,4.88877838842309e-10,"Ier3","Downregulated"
2.80147802692447e-14,-0.416041752445976,0.591,0.676,7.03983413385851e-10,"Pmepa1","Not Significant"
3.19483878771222e-14,0.333583400587792,0.997,0.998,8.02831038964203e-10,"mt-Atp6","Not Significant"
3.36003093499646e-14,1.12596858682547,0.22,0.126,8.44342173655259e-10,"Zbp1","Upregulated"
4.20227469514983e-14,-0.563380715980428,0.248,0.34,1.0559896081442e-09,"Cd300a","Downregulated"
5.25029114757769e-14,0.36813032218076,0.643,0.5,1.3193456624748e-09,"Pkm","Not Significant"
1.26876790627125e-13,1.17522942862491,0.141,0.063,3.18828687166902e-09,"Cystm1","Upregulated"
1.3245118295372e-13,1.12618322814658,0.261,0.166,3.32836577644404e-09,"H2-Q7","Upregulated"
1.32453947779657e-13,-0.690057016076765,0.206,0.295,3.32843525375501e-09,"C5ar1","Downregulated"
1.55189888532965e-13,0.549182276892623,0.452,0.338,3.89976670894488e-09,"Dync1i2","Upregulated"
2.49374560509456e-13,-0.369836387232636,0.842,0.862,6.26653333104213e-09,"Mt1","Not Significant"
4.35740640813277e-13,-1.17148133000929,0.082,0.143,1.09497265629968e-08,"Gm17056","Downregulated"
5.52211712284475e-13,1.79770254686668,0.149,0.072,1.38765281179966e-08,"Ccl5","Upregulated"
5.67661022759492e-13,-0.252565109098253,0.842,0.898,1.42647538409233e-08,"Mcl1","Not Significant"
7.01583746937397e-13,1.02353892610041,0.139,0.063,1.76300979767899e-08,"Ncam1","Upregulated"
8.08489287773313e-13,1.78484177814392,0.211,0.123,2.03165273124556e-08,"Obp1b","Upregulated"
1.04147384987071e-12,-0.4437486877623,0.433,0.535,2.61711963734011e-08,"Sqstm1","Not Significant"
1.7184717432965e-12,1.2326121424177,0.123,0.053,4.31834764372977e-08,"Serpine2","Upregulated"
1.73470673349952e-12,0.75915720331646,0.238,0.144,4.35914455061095e-08,"Prxl2b","Upregulated"
3.01758653924192e-12,1.34431970204556,0.11,0.044,7.58289321446102e-08,"Ttll7","Upregulated"
3.38191216264034e-12,-0.708380226475727,0.17,0.252,8.4984070734989e-08,"Mgl2","Downregulated"
3.55195249482531e-12,-0.285251719870423,0.394,0.505,8.92570142424653e-08,"Mrc1","Not Significant"
4.82036117512143e-12,0.326668637314107,0.733,0.602,1.21130855969626e-07,"Psma7","Not Significant"
5.53754256532737e-12,-0.306611589037176,0.656,0.755,1.39152907124111e-07,"Cd63","Not Significant"
1.27597398737316e-11,-0.368099218554785,0.438,0.533,3.20639503287002e-07,"Dab2","Not Significant"
1.92973937696666e-11,0.96420343513958,0.17,0.094,4.84924208037952e-07,"Rtn1","Upregulated"
2.24458679386357e-11,0.379499183721701,0.837,0.748,5.64042215429976e-07,"mt-Nd3","Not Significant"
2.75601694665739e-11,0.354318372529589,0.683,0.545,6.92559498525536e-07,"Ndufb9","Not Significant"
3.10016158210083e-11,0.346659150231519,0.593,0.474,7.79039603966118e-07,"Eif2s2","Not Significant"
3.89182430760615e-11,-0.385749148515795,0.515,0.6,9.77976530258349e-07,"Ifitm2","Not Significant"
4.28016630838739e-11,1.18480427438386,0.114,0.05,1.07556299163467e-06,"Iigp1","Upregulated"
6.63607739231204e-11,0.327941798992714,0.652,0.521,1.66757988791409e-06,"Kif5b","Not Significant"
6.90588331599755e-11,1.30534303779619,0.104,0.044,1.73537941847702e-06,"Hmgn3","Upregulated"
9.32395950045459e-11,0.391000510680136,0.897,0.832,2.34301778286923e-06,"mt-Nd5","Not Significant"
9.53513094972112e-11,-0.564982248379506,0.18,0.254,2.39608305635542e-06,"Brd1","Downregulated"
1.02150877704082e-10,0.381522619649521,0.554,0.436,2.56694940582587e-06,"Atp5k","Not Significant"
1.15922593939391e-10,0.759461894547734,0.309,0.22,2.91301886310295e-06,"Cd180","Upregulated"
1.34853548561248e-10,-0.434983681958314,0.585,0.663,3.38873482179561e-06,"Wfdc17","Not Significant"
1.55119426107448e-10,-0.648502288137848,0.117,0.183,3.89799605865406e-06,"Gas6","Downregulated"
1.63566932039038e-10,0.445028557998171,0.628,0.555,4.11027343520899e-06,"Uba52","Not Significant"
2.28808138882505e-10,-0.261147885768549,0.772,0.847,5.74971972197848e-06,"Ier5","Not Significant"
2.36103409005394e-10,0.809911733775629,0.168,0.097,5.93304256489654e-06,"Stom","Upregulated"
2.82116212170004e-10,-0.432003586033045,0.44,0.521,7.08929829562004e-06,"Nr4a1","Not Significant"
3.01906718132971e-10,0.709949490990473,0.253,0.167,7.58661391996343e-06,"Lmo4","Upregulated"
3.92220260425753e-10,-0.308923499596931,0.846,0.874,9.85610292423874e-06,"Atf3","Not Significant"
5.51405851523059e-10,0.530279839612784,0.424,0.333,1.38562776429229e-05,"Plekho1","Upregulated"
6.69630045674729e-10,0.334873600773042,0.519,0.412,1.68271334177603e-05,"Atxn7l3b","Not Significant"
7.26289401326003e-10,-0.384439959901609,0.282,0.364,1.82509263659211e-05,"Gpr34","Not Significant"
7.40250732889654e-10,-0.52820004713435,0.314,0.381,1.86017606667841e-05,"Kdm6b","Downregulated"
7.86490961327406e-10,0.35271154180454,0.666,0.627,1.97637313671964e-05,"Psme1","Not Significant"
7.9467394632403e-10,-0.638754489054642,0.273,0.345,1.99693615971766e-05,"Dusp2","Downregulated"
8.75748013471422e-10,-0.752498173544876,0.056,0.103,2.20066718305234e-05,"Ctsf","Downregulated"
9.59397192303206e-10,0.585842280756379,0.342,0.252,2.41086920453873e-05,"Asph","Upregulated"
1.25998956188381e-09,-0.321151563184938,0.749,0.796,3.16622777005783e-05,"Bcl2a1b","Not Significant"
1.55376740125918e-09,-0.307003726275683,0.751,0.818,3.90446210262419e-05,"Kctd12","Not Significant"
1.89874343161398e-09,-0.288485943951715,0.703,0.776,4.77135236930277e-05,"Zfp36l1","Not Significant"
2.12101288604511e-09,-0.263524614359547,0.844,0.877,5.32989328134277e-05,"Ier2","Not Significant"
2.4936267503098e-09,0.405783083006047,0.516,0.436,6.2662346608535e-05,"Clec12a","Not Significant"
3.41867221022404e-09,-0.334657272327253,0.641,0.704,8.59078139707199e-05,"Cebpb","Not Significant"
4.56403134968196e-09,-0.339198928275543,0.453,0.527,0.000114689543786158,"Cd48","Not Significant"
5.19680215918917e-09,0.275565249838295,0.899,0.848,0.000130590441458265,"Calm2","Not Significant"
6.34938461031265e-09,0.471361051074912,0.451,0.356,0.000159553685872546,"Prpf4b","Not Significant"
6.88278434248101e-09,1.10703442154604,0.181,0.114,0.000172957487742205,"Ly6a","Upregulated"
7.49511875083015e-09,0.964300617069369,0.239,0.166,0.000188344839089611,"Ms4a4c","Upregulated"
7.87618404870849e-09,0.318575326170865,0.731,0.676,0.000197920628959996,"Nsa2","Not Significant"
7.93332192373269e-09,-0.251613024958518,0.674,0.751,0.000199356446621479,"H2-DMb1","Not Significant"
8.33713310466278e-09,-0.386306686204992,0.387,0.472,0.000209503817787071,"Rhob","Not Significant"
9.08465013922291e-09,-0.353541564778923,0.476,0.553,0.000228288173348533,"Pim1","Not Significant"
9.14494016566472e-09,0.63967603291769,0.349,0.272,0.000229803201422989,"Stat1","Upregulated"
9.99480023573417e-09,-0.34500483384894,0.306,0.382,0.000251159335123764,"Tmem258","Not Significant"
1.02553930836707e-08,1.12107435598496,0.116,0.06,0.000257707772799562,"Il18bp","Upregulated"
1.43744040628099e-08,0.285273797711371,0.722,0.609,0.000361214399694349,"Ndufb1-ps","Not Significant"
1.4406620987427e-08,0.693428956161651,0.254,0.181,0.000362023978793054,"Irf7","Upregulated"
1.56669449265707e-08,0.270162167518093,0.581,0.46,0.000393694659059796,"Csnk1a1","Not Significant"
1.59000377382321e-08,-0.651525856395443,0.216,0.283,0.000399552048324035,"Phlda1","Downregulated"
3.25926596297927e-08,0.963438513292526,0.273,0.203,0.00081902094383706,"Isg15","Upregulated"
3.74524220370742e-08,0.306203085851639,0.638,0.542,0.000941141913369638,"Macf1","Not Significant"
3.97781309235625e-08,-0.254381702702377,0.627,0.696,0.000999584651978202,"Gdi2","Not Significant"
4.61014441949846e-08,-0.269106639563634,0.641,0.706,0.00115848319117577,"Sdcbp","Not Significant"
4.9554910785669e-08,0.606680532486488,0.192,0.127,0.00124526535313308,"Psip1","Upregulated"
5.56788533134303e-08,0.466858119557278,0.248,0.175,0.00139915390491319,"Sptbn1","Not Significant"
5.95463871712359e-08,0.503016909623292,0.219,0.148,0.00149634116322599,"Ldhb","Upregulated"
6.06389303262324e-08,-0.271068247318217,0.471,0.54,0.00152379568016789,"Dbi","Not Significant"
6.96184823247048e-08,0.309025588674984,0.599,0.489,0.00174944284233751,"Atp5o","Not Significant"
9.28679618186121e-08,0.732701039324735,0.167,0.103,0.0023336790125399,"Wdr43","Upregulated"
1.22877438672386e-07,-0.368395010411447,0.427,0.495,0.00308778715639838,"Ifrd1","Not Significant"
1.24762396562335e-07,0.75782338612642,0.156,0.094,0.00313515426321492,"Naip2","Upregulated"
1.38616813246697e-07,0.346490522614096,0.525,0.438,0.00348330190007626,"Anp32b","Not Significant"
1.57096343192505e-07,-0.560749420971383,0.163,0.219,0.00394767400808447,"Ifi27","Downregulated"
1.65170550789804e-07,-0.387626027425827,0.347,0.41,0.00415057077079697,"Tagln2","Not Significant"
1.92841879198751e-07,-0.373476340413446,0.353,0.417,0.00484592358238541,"Gm26532","Not Significant"
2.04639904728508e-07,-0.711169901337315,0.08,0.125,0.00514239616592267,"Gpr84","Downregulated"
2.20085858470808e-07,0.352920863533359,0.658,0.63,0.00553053753751293,"Psmb8","Not Significant"
2.40485308070613e-07,0.653536668857077,0.236,0.167,0.00604315530650643,"Snrnp27","Upregulated"
2.56502442266473e-07,-0.438718438372611,0.166,0.227,0.00644564987171419,"Igf1","Not Significant"
2.71253411805624e-07,0.486576228021575,0.393,0.324,0.00681632698526353,"Pdgfb","Not Significant"
3.24236618214598e-07,-0.305403510448509,0.387,0.452,0.00814774197911463,"Trmt112","Not Significant"
3.36385300844114e-07,-0.682423819575403,0.144,0.196,0.00845302622491173,"Ehd1","Downregulated"
3.39759027471779e-07,0.668656074601742,0.189,0.123,0.00853780460133833,"Dgkz","Upregulated"
3.42960504178455e-07,0.894423991929327,0.11,0.061,0.00861825450950038,"Por","Upregulated"
3.7263741364418e-07,0.363015851270078,0.488,0.408,0.00936400556746461,"Eif5b","Not Significant"
4.24278208551273e-07,0.540630396448418,0.223,0.154,0.0106616871026849,"Xaf1","Upregulated"
4.42966526542118e-07,-0.689016056464007,0.185,0.243,0.0111313058454769,"Tnip3","Downregulated"
4.46281693659614e-07,-0.60666879239784,0.235,0.293,0.0112146126799724,"Clec4n","Downregulated"
4.46765897556316e-07,-0.482646908701075,0.187,0.24,0.0112267802396927,"Srpr","Not Significant"
4.61533278251308e-07,-0.257061079605386,0.545,0.604,0.0115978697491771,"Asah1","Not Significant"
4.75384402369656e-07,-0.365799614742226,0.194,0.254,0.0119459346471471,"B230219D22Rik","Not Significant"
4.78517287749559e-07,0.804518474668047,0.126,0.074,0.0120246609238587,"Larp7","Upregulated"
4.87884317577746e-07,-0.465337413364709,0.277,0.335,0.0122600450164112,"Nlrp3","Not Significant"
5.0330225538987e-07,0.300248220269685,0.607,0.557,0.012647482375692,"Lyn","Not Significant"
5.15710872228579e-07,0.409774412051293,0.386,0.304,0.012959298508232,"Ppt1","Not Significant"
6.27330889254586e-07,-0.710909918295421,0.106,0.152,0.0157641979160785,"Maff","Downregulated"
6.81531115764914e-07,0.389370634828336,0.621,0.492,0.0171261954080565,"AY036118","Not Significant"
7.26454838208203e-07,0.853061978109815,0.1,0.054,0.0182550836293339,"Slfn1","Upregulated"
7.27747925718175e-07,0.461477278341453,0.34,0.266,0.018287577625372,"Pdap1","Not Significant"
7.38343411369925e-07,-0.319124506428806,0.287,0.348,0.0185538315843148,"Eloc","Not Significant"
7.8139961999118e-07,0.671007564750393,0.122,0.07,0.0196357910507584,"H2-Q6","Upregulated"
8.51439152604614e-07,0.61693430006034,0.241,0.175,0.0213958144658013,"Eif3j1","Upregulated"
9.50039132845573e-07,0.660719744301264,0.2,0.138,0.0238735333692764,"Phf11d","Upregulated"
9.63897464136772e-07,-0.310969462320242,0.213,0.276,0.024221779376293,"Tanc2","Not Significant"
1.02881578196194e-06,0.489197535504413,0.4,0.335,0.0258531117849216,"Lgals3bp","Not Significant"
1.04433497073847e-06,0.348897202356503,0.341,0.263,0.0262430934796869,"Sod1","Not Significant"
1.17063733638415e-06,0.276773108136036,0.537,0.443,0.0294169456259974,"Chmp2a","Not Significant"
1.17975159401675e-06,0.353500170167563,0.403,0.32,0.029645977806047,"Slc38a2","Not Significant"
1.18554723175274e-06,0.50441262749721,0.285,0.213,0.0297916163867145,"Ddx21","Upregulated"
1.23658459457063e-06,-0.293320047101477,0.341,0.403,0.0310741342769654,"Pid1","Not Significant"
1.28948857782554e-06,-0.377710127198457,0.578,0.63,0.032403558472178,"Ctsd","Not Significant"
1.3599703777235e-06,0.353972551764678,0.287,0.213,0.0341746956218137,"Cmip","Not Significant"
1.37708792395517e-06,-0.302692679556406,0.422,0.482,0.0346048424410694,"Blvrb","Not Significant"
1.45186719834355e-06,0.252001969439693,0.489,0.394,0.0364839708271752,"Mdh1","Not Significant"
1.58484539386953e-06,0.620454950434114,0.186,0.125,0.0398255799025474,"Slfn8","Upregulated"
1.63686468590487e-06,0.261967280308136,0.668,0.58,0.0411327726921034,"Atp5d","Not Significant"
1.78548644040436e-06,0.534475459691022,0.344,0.277,0.0448674887609211,"Tmco1","Upregulated"
1.845441877649e-06,0.644647778381254,0.178,0.119,0.0463741089434417,"Ifi211","Upregulated"
2.33439858852092e-06,-0.250103500596027,0.324,0.389,0.0586611021309423,"Sptssa","Not Significant"
2.57424698557862e-06,-0.278324705072331,0.457,0.507,0.0646882525006051,"Arf4","Not Significant"
2.91472185481746e-06,-0.621051163412802,0.081,0.121,0.0732440454897079,"Pxdc1","Not Significant"
3.03629847280975e-06,-0.840439131076312,0.225,0.279,0.0762991443232362,"Hmox1","Not Significant"
3.3026701022456e-06,-0.47978907886149,0.239,0.289,0.0829927969993296,"Nrros","Not Significant"
3.33515482727806e-06,-0.497155527452381,0.13,0.179,0.0838091056546703,"Cd36","Not Significant"
3.88585033462276e-06,-0.465842757471337,0.26,0.312,0.0976475330587353,"Nfkbid","Not Significant"
4.20153005059586e-06,0.490044337209661,0.222,0.161,0.105580248641423,"Prdx6","Not Significant"
4.4428905472606e-06,-0.341846780221188,0.182,0.234,0.111645396562112,"Smim11","Not Significant"
4.50070722429407e-06,-0.265496276378039,0.477,0.533,0.113098271839286,"Rnf130","Not Significant"
5.03931503511763e-06,-0.280886588288432,0.38,0.44,0.126632947517471,"Irf2bp2","Not Significant"
5.59296721819308e-06,-0.68369199008377,0.205,0.252,0.140545673225974,"Arl5c","Not Significant"
5.59763471033601e-06,0.312704659805975,0.523,0.466,0.140662962636034,"Ptpn6","Not Significant"
5.85618430107126e-06,0.824705520948939,0.109,0.065,0.14716005530162,"Igtp","Not Significant"
6.06362945951653e-06,-0.314727923798683,0.381,0.431,0.152372944688191,"Tm6sf1","Not Significant"
6.48922996755536e-06,1.07662900896422,0.133,0.087,0.163067859854699,"Gbp2","Not Significant"
6.66512079723119e-06,-0.497024885303344,0.089,0.129,0.167487820513623,"Rab12","Not Significant"
7.1361348125847e-06,-0.637510782180131,0.084,0.123,0.179323931705441,"Hist1h2bc","Not Significant"
7.16620767660834e-06,0.358165731665166,0.466,0.401,0.180079632705491,"Akap13","Not Significant"
7.70771897522013e-06,0.618474603734022,0.188,0.132,0.193687270128307,"Mybbp1a","Not Significant"
7.82747025531811e-06,-0.295889062136059,0.294,0.35,0.196696500045889,"Comt","Not Significant"
8.02751024781697e-06,0.583130479180033,0.179,0.123,0.201723305017393,"Rnf10","Not Significant"
8.9449954159959e-06,-0.310563100062054,0.297,0.352,0.224778789808561,"Fcgrt","Not Significant"
9.08859186423482e-06,-0.285749536136887,0.231,0.285,0.228387224956357,"Tecr","Not Significant"
9.43731915815767e-06,0.770844452789115,0.103,0.061,0.237150393125344,"Gpr35","Not Significant"
1.07079787357595e-05,-0.344422373850583,0.225,0.274,0.269080797650901,"Hfe","Not Significant"
1.16749763220154e-05,0.674114888018143,0.144,0.098,0.293380479995925,"Nes","Not Significant"
1.24525653061901e-05,-0.351238646965108,0.388,0.444,0.312920513579251,"Gadd45b","Not Significant"
1.32216475280617e-05,0.256642096730546,0.671,0.642,0.332246780732662,"Plek","Not Significant"
1.50753593160036e-05,0.761304889192364,0.214,0.162,0.378828704251856,"Calhm6","Not Significant"
1.52960843393546e-05,0.67047629899194,0.114,0.072,0.384375303363641,"Rsad2","Not Significant"
1.61607814885703e-05,0.356314392688378,0.449,0.387,0.406104278026283,"Arl4c","Not Significant"
1.71110489886433e-05,-0.31650044886905,0.375,0.435,0.429983550035617,"Klf4","Not Significant"
1.7149912817355e-05,0.930651680041706,0.1,0.061,0.430960159187313,"Card11","Not Significant"
1.74335001342404e-05,0.318712330298192,0.354,0.282,0.438086424873328,"Psmb5","Not Significant"
1.80998839884239e-05,0.634568245004409,0.107,0.065,0.454831984745105,"Gosr2","Not Significant"
1.89284361565248e-05,0.859298351534189,0.105,0.064,0.475652672177312,"Ino80b","Not Significant"
1.98894800360292e-05,0.74640738257894,0.158,0.11,0.499802743825377,"Nudcd3","Not Significant"
1.99993140208441e-05,0.394058611176796,0.348,0.273,0.502562762029791,"Lars2","Not Significant"
2.03678346133749e-05,0.439910367055306,0.172,0.122,0.511823315999499,"Prrc2b","Not Significant"
2.05327278222552e-05,0.412744432983546,0.2,0.142,0.515966917445451,"Ist1","Not Significant"
2.51593633514146e-05,-0.257122835035414,0.336,0.394,0.632229641657698,"Metrnl","Not Significant"
2.54101007473376e-05,0.385042706095131,0.227,0.167,0.638530421679846,"Tifab","Not Significant"
2.58939485594915e-05,0.426320769575,0.276,0.214,0.650689033351461,"Myof","Not Significant"
2.60039294378364e-05,0.68284421614635,0.159,0.112,0.65345274284339,"Ifit2","Not Significant"
2.62050474247623e-05,0.340753384458421,0.457,0.398,0.658506636736851,"Chmp4b","Not Significant"
2.63335334385073e-05,0.407165857668056,0.336,0.272,0.661735361776249,"Psmc3","Not Significant"
2.71782310295716e-05,0.655245279563327,0.172,0.122,0.682961767542106,"Hps3","Not Significant"
2.87937085784143e-05,0.566431474095953,0.162,0.112,0.723557102866972,"Psmc1","Not Significant"
3.01687223175971e-05,-0.808597447859345,0.068,0.1,0.758109823118899,"Slc25a33","Not Significant"
3.13048624229294e-05,0.456126091689201,0.222,0.164,0.786659887825793,"H2-T22","Not Significant"
3.36335525808833e-05,0.678278829778828,0.171,0.123,0.845177542805015,"Hivep3","Not Significant"
3.58243042104259e-05,0.523963206234433,0.217,0.163,0.900228940503792,"Clip1","Not Significant"
3.79829473969441e-05,0.45403771721645,0.181,0.129,0.954473485137807,"Abr","Not Significant"
4.58316902848329e-05,0.540970520531724,0.107,0.067,1,"Ifi206","Not Significant"
4.69782024492821e-05,-0.259299767343943,0.306,0.356,1,"Mrpl33","Not Significant"
4.75936949179275e-05,0.669922357706515,0.118,0.077,1,"Usp18","Not Significant"
4.97863692469219e-05,-0.251819432979368,0.465,0.519,1,"Neurl3","Not Significant"
5.07826761572855e-05,0.294842063667644,0.763,0.694,1,"mt-Nd4l","Not Significant"
5.24327382019399e-05,-0.255366143515706,0.295,0.344,1,"Mrps21","Not Significant"
5.31081716711979e-05,0.403436710883248,0.228,0.171,1,"Supt5","Not Significant"
5.34136712512272e-05,-0.479331719773271,0.103,0.142,1,"Serpinb6a","Not Significant"
5.44522533963074e-05,-0.275934037104773,0.346,0.403,1,"Lgals1","Not Significant"
5.80887270043754e-05,-0.647752021964953,0.134,0.171,1,"Mir22hg","Not Significant"
5.82063653084067e-05,0.595899999832106,0.217,0.164,1,"Ap2b1","Not Significant"
6.20576035873898e-05,0.560279618622731,0.168,0.122,1,"Il2ra","Not Significant"
6.28367730301519e-05,-0.506440745745651,0.149,0.192,1,"Igfbp4","Not Significant"
6.307247912496e-05,0.290814228593981,0.561,0.521,1,"Cd72","Not Significant"
6.4738817810179e-05,-0.346428874025398,0.327,0.372,1,"Tgif1","Not Significant"
6.57444315256964e-05,0.56396717688318,0.159,0.111,1,"Wdr45b","Not Significant"
6.64289371931861e-05,0.41149438494259,0.282,0.221,1,"Susd6","Not Significant"
7.01013810104396e-05,0.697116225611325,0.124,0.085,1,"Mgst3","Not Significant"
7.46828640338412e-05,-0.373175102451688,0.196,0.24,1,"Dpysl2","Not Significant"
7.61133338751825e-05,0.363830945508715,0.31,0.248,1,"Nop53","Not Significant"
7.86961559267039e-05,0.55418255548683,0.159,0.113,1,"Snrpa1","Not Significant"
8.15002532311712e-05,-0.521845861633711,0.115,0.153,1,"Fkbp4","Not Significant"
8.24367102676154e-05,-0.291896700440532,0.23,0.28,1,"Cebpd","Not Significant"
8.33931644662128e-05,-0.261845182455749,0.279,0.326,1,"Hprt","Not Significant"
8.34718500187336e-05,-0.656284037497672,0.126,0.167,1,"Vcam1","Not Significant"
8.70185678434866e-05,0.536342420105091,0.109,0.07,1,"Mxd1","Not Significant"
8.91221537663592e-05,0.611257688928185,0.156,0.11,1,"Usp7","Not Significant"
9.00091227781903e-05,0.606160297657094,0.214,0.163,1,"Nhp2","Not Significant"
9.33896340718765e-05,-0.268971798764807,0.355,0.403,1,"Stk17b","Not Significant"
9.47954161482883e-05,-0.30541748705775,0.308,0.352,1,"Cd302","Not Significant"
9.61323845621413e-05,-0.299439454040771,0.242,0.286,1,"Ube2n","Not Significant"
0.000102915505153239,-0.25003039691565,0.446,0.486,1,"Tle5","Not Significant"
0.000103937551828769,0.445046696685481,0.361,0.309,1,"Psmb10","Not Significant"
0.000106525862826732,-0.315678227498134,0.094,0.129,1,"Gm34455","Not Significant"
0.000119650543458824,-0.317291930791542,0.114,0.153,1,"Pigp","Not Significant"
0.000121245131589803,0.441594428951575,0.183,0.133,1,"Smg1","Not Significant"
0.000132530439938191,0.758220143411865,0.104,0.068,1,"Mid1","Not Significant"
0.00013634816921922,0.503364778213724,0.178,0.13,1,"Dtx3l","Not Significant"
0.00014937674826408,0.485393401634796,0.198,0.15,1,"Tsix","Not Significant"
0.000160261768382631,-0.314660325901392,0.211,0.254,1,"Pten","Not Significant"
0.000164620198598056,0.554256330187173,0.122,0.083,1,"Spn","Not Significant"
0.000164826005808157,-0.365497042948802,0.32,0.371,1,"Tnf","Not Significant"
0.000166030809717792,0.459820061989036,0.149,0.104,1,"Rnf114","Not Significant"
0.0001723730388819,0.348476534053178,0.38,0.319,1,"Rab8b","Not Significant"
0.000172562846364373,-0.286450304633126,0.211,0.254,1,"Cox16","Not Significant"
0.00018692953285875,-0.301534221874589,0.429,0.476,1,"Tlr2","Not Significant"
0.000188593224937304,0.381682807831328,0.214,0.163,1,"Uqcrc1","Not Significant"
0.000189742042189488,0.315135244588348,0.388,0.332,1,"Psmb6","Not Significant"
0.00019021857688632,-0.283071622555903,0.354,0.395,1,"Atp6ap2","Not Significant"
0.000191106714158462,0.296417742399872,0.405,0.35,1,"Psmb9","Not Significant"
0.00019218281919894,-0.531578903338081,0.08,0.109,1,"Pilrb2","Not Significant"
0.000192378555746146,0.546731975799605,0.109,0.073,1,"Abcb1b","Not Significant"
0.000193403221444806,0.50983747499995,0.178,0.131,1,"Tcerg1","Not Significant"
0.000194939419430728,0.251838797128073,0.68,0.62,1,"Ifitm3","Not Significant"
0.000196240030149883,-0.376068967784592,0.206,0.245,1,"Pde4b","Not Significant"
0.000197635536103111,0.370512729033635,0.438,0.389,1,"Pycard","Not Significant"
0.000198070333715899,-0.504893802842433,0.1,0.133,1,"Tspan3","Not Significant"
0.000201721701597879,0.408381767772258,0.217,0.166,1,"Eif2ak2","Not Significant"
0.000214312646670975,-0.362740432445437,0.125,0.163,1,"Serpinf1","Not Significant"
0.000215176075849684,0.255144063676902,0.426,0.364,1,"Mbnl2","Not Significant"
0.000220150083183139,-0.251661014495698,0.213,0.258,1,"Lsm6","Not Significant"
0.000220942909047607,-0.418867940528052,0.285,0.324,1,"Rilpl2","Not Significant"
0.000227513702283615,0.398634780039894,0.275,0.219,1,"1110004F10Rik","Not Significant"
0.000230025481025598,0.661358096384691,0.112,0.075,1,"Tars","Not Significant"
0.000240645410146801,-0.394690524688157,0.25,0.289,1,"Cflar","Not Significant"
0.000267690422503973,-0.487558657302963,0.175,0.212,1,"Tsc22d3","Not Significant"
0.000271957380874079,0.400163795083808,0.256,0.203,1,"Abi3","Not Significant"
0.000287272241864889,-0.320503729262017,0.235,0.277,1,"Dhrs3","Not Significant"
0.000287670355645021,0.595277633144408,0.105,0.069,1,"Col4a3bp","Not Significant"
0.000293399346596505,0.349863532419361,0.343,0.286,1,"Prpf38b","Not Significant"
0.000297980579293891,0.455307185191835,0.209,0.161,1,"Batf3","Not Significant"
0.00030969791513822,-0.300451103791741,0.191,0.233,1,"Lman1","Not Significant"
0.000349359124977894,-0.310057538004222,0.173,0.213,1,"Cd82","Not Significant"
0.000365608133043653,0.618893866575711,0.121,0.083,1,"Fgr","Not Significant"
0.000389735828879771,-0.43655982812696,0.171,0.209,1,"Lmna","Not Significant"
0.000399883191650119,0.435851546808677,0.242,0.192,1,"Tnrc6a","Not Significant"
0.000407666524251506,0.514044772093289,0.109,0.073,1,"Surf1","Not Significant"
0.000408419201570985,0.497709625549514,0.178,0.133,1,"Rest","Not Significant"
0.000409644731276946,0.469103164558994,0.101,0.067,1,"Wbp1l","Not Significant"
0.000418349147332608,-0.286815963613825,0.386,0.448,1,"Ccl12","Not Significant"
0.000427318788942595,-0.272090416720592,0.184,0.224,1,"Smagp","Not Significant"
0.00043136975805624,-0.253861027775846,0.269,0.309,1,"Cmpk1","Not Significant"
0.00045902324842807,-0.344679564942066,0.129,0.163,1,"Yipf4","Not Significant"
0.000460114788795275,0.347113658199608,0.241,0.189,1,"Il2rg","Not Significant"
0.00046563849597865,-0.380710961424553,0.17,0.205,1,"Tmem243","Not Significant"
0.000467288528944649,0.509150491423357,0.216,0.169,1,"Fam32a","Not Significant"
0.000486116452478801,0.33209618473874,0.157,0.114,1,"Nubp1","Not Significant"
0.000492436419187998,0.435467195498214,0.176,0.133,1,"Cnot3","Not Significant"
0.000495547595758676,0.415508545976391,0.272,0.221,1,"Tep1","Not Significant"
0.000499817043997797,0.418530019463905,0.154,0.112,1,"Sirt7","Not Significant"
0.000504536270267507,-0.382653718493125,0.252,0.286,1,"Dennd4a","Not Significant"
0.000514182264880687,0.357340604295924,0.251,0.202,1,"Zmynd15","Not Significant"
0.000514852950204474,0.31527868553693,0.429,0.379,1,"Samhd1","Not Significant"
0.000521200763344753,0.525094943981061,0.15,0.109,1,"Furin","Not Significant"
0.000521248566928703,0.799782087065858,0.105,0.072,1,"Nol12","Not Significant"
0.000536982355101736,0.605378914961959,0.104,0.07,1,"Dnase1l3","Not Significant"
0.000558057950307125,0.446112632783493,0.131,0.092,1,"Parp12","Not Significant"
0.000561985540540119,0.458469898350546,0.125,0.088,1,"Uimc1","Not Significant"
0.000570075827902658,-0.336832077156192,0.14,0.175,1,"Tmcc1","Not Significant"
0.000593113028505333,0.295775571932565,0.407,0.35,1,"Atp6v1e1","Not Significant"
0.000612051729602342,0.42678306866847,0.118,0.082,1,"Nosip","Not Significant"
0.00061238161330741,0.410995140134933,0.198,0.152,1,"Rbm22","Not Significant"
0.000620055667486314,-0.254435408123656,0.249,0.288,1,"Rab20","Not Significant"
0.000631821339943205,0.690518864793634,0.12,0.085,1,"Gm11808","Not Significant"
0.000633873491088247,0.542306135576673,0.177,0.134,1,"Ifih1","Not Significant"
0.000642233247531496,0.464369272901383,0.163,0.121,1,"Ddx54","Not Significant"
0.000649857559576271,0.36359319492616,0.161,0.118,1,"Bdp1","Not Significant"
0.000657456289638741,-0.42122222793527,0.414,0.429,1,"S100a11","Not Significant"
0.00065846618888999,0.37176683134912,0.15,0.108,1,"Stat2","Not Significant"
0.000696029190243493,0.456245868801747,0.154,0.114,1,"Lbr","Not Significant"
0.000719994888599726,0.351027372849737,0.217,0.168,1,"5031439G07Rik","Not Significant"
0.000720921672511047,-0.339927196343695,0.122,0.153,1,"Plin3","Not Significant"
0.000764124079907912,0.531604771495249,0.159,0.119,1,"Csnk1d","Not Significant"
0.000768415743581297,0.379635651821714,0.213,0.167,1,"Pa2g4","Not Significant"
0.000774533628131586,0.491245850009918,0.161,0.121,1,"Api5","Not Significant"
0.000784404887217603,-0.404911544963237,0.224,0.258,1,"Fosl2","Not Significant"
0.000850640774020701,-0.325845125880702,0.128,0.161,1,"Slc9a9","Not Significant"
0.000862447493490339,0.523260637124852,0.127,0.091,1,"Tbk1","Not Significant"
0.000881007023392645,0.277247051585891,0.453,0.406,1,"Slamf7","Not Significant"
0.000882238506586129,0.509628231074337,0.183,0.141,1,"Utp11","Not Significant"
0.000910917336364897,0.47682586906123,0.119,0.084,1,"Mrps23","Not Significant"
0.00092722317242535,0.271967661272126,0.604,0.566,1,"Gpr65","Not Significant"
0.000941453857607099,0.504146042894986,0.114,0.08,1,"Ccdc9","Not Significant"
0.000945896335695571,-0.345175336255823,0.174,0.207,1,"Lsm5","Not Significant"
0.000946525895979893,-0.421669010809563,0.116,0.148,1,"Med21","Not Significant"
0.00094863688456246,0.56728725394266,0.132,0.097,1,"Upf2","Not Significant"
0.000964198409168858,0.396322694037554,0.251,0.206,1,"Tap1","Not Significant"
0.000997232973377659,0.560923713418982,0.128,0.093,1,"Msl2","Not Significant"
0.001006277304437,0.484586974845775,0.143,0.105,1,"Ccdc86","Not Significant"
0.00101086006910295,0.491272084211715,0.12,0.085,1,"Adar","Not Significant"
0.00106412626462738,0.442011842762003,0.159,0.119,1,"Elk3","Not Significant"
0.00109823267288332,0.53837683587132,0.131,0.095,1,"Rars","Not Significant"
0.00111744097468587,0.545404946962924,0.142,0.105,1,"Mak16","Not Significant"
0.00112182152639533,-0.334548051664726,0.149,0.183,1,"Chordc1","Not Significant"
0.00113172127028813,0.364846784860753,0.273,0.226,1,"Dync1h1","Not Significant"
0.00115766472422081,0.604437099295979,0.1,0.069,1,"C3","Not Significant"
0.00118924996203834,0.531803438615446,0.483,0.462,1,"AW112010","Not Significant"
0.00119420860652855,0.337613454362114,0.307,0.254,1,"Rbm8a","Not Significant"
0.00122692866223414,0.605644032932933,0.114,0.082,1,"Zzz3","Not Significant"
0.00123176140171502,0.33725065677536,0.303,0.254,1,"Tmed3","Not Significant"
0.00124668389062586,-0.286463847636642,0.111,0.141,1,"Smox","Not Significant"
0.00127961616078941,-0.274749404856956,0.246,0.281,1,"Cebpg","Not Significant"
0.00135655151196298,0.576292752327223,0.104,0.073,1,"Mgrn1","Not Significant"
0.00137401300547778,0.493419453522492,0.118,0.084,1,"Daxx","Not Significant"
0.00140232368055318,0.340238536358629,0.341,0.294,1,"Lgals9","Not Significant"
0.00141360668281578,0.413582147809576,0.179,0.138,1,"Smarca4","Not Significant"
0.00141993298478549,0.302189838597109,0.296,0.247,1,"Pirb","Not Significant"
0.00143571919381595,0.274699477654706,0.357,0.307,1,"Arglu1","Not Significant"
0.00144383184976957,0.394418889355429,0.148,0.111,1,"Irgm1","Not Significant"
0.00146879021795414,-0.36482004585317,0.197,0.229,1,"Txnrd1","Not Significant"
0.00147255314300668,0.29701685037776,0.443,0.404,1,"Ccr5","Not Significant"
0.00148476072777266,0.423785426288296,0.283,0.238,1,"Cyp4f18","Not Significant"
0.00150252870807859,0.323028283347006,0.545,0.525,1,"Tspo","Not Significant"
0.0015189490340687,0.368229625205647,0.122,0.087,1,"Prelid3b","Not Significant"
0.00156776914399874,0.296501548835264,0.396,0.346,1,"Tapbp","Not Significant"
0.00157405114973439,-0.278645652520227,0.223,0.259,1,"Hcfc1r1","Not Significant"
0.00164401277324626,0.276949266981822,0.13,0.094,1,"Coro2a","Not Significant"
0.00166623136650692,0.435132317756211,0.105,0.073,1,"Gnptab","Not Significant"
0.0017629490819445,0.261826392919277,0.215,0.171,1,"Itgax","Not Significant"
0.00182922123282021,0.252846567804769,0.35,0.297,1,"Abi1","Not Significant"
0.0018772734916366,0.386603371055969,0.277,0.233,1,"Mmp14","Not Significant"
0.00196719217678923,-0.403226094997113,0.14,0.17,1,"Gpcpd1","Not Significant"
0.00197205087283723,0.281345113715022,0.266,0.214,1,"Tcirg1","Not Significant"
0.00199903451789698,-0.28041735695722,0.179,0.211,1,"Znrd1","Not Significant"
0.00201291732264608,0.478214006867071,0.169,0.132,1,"Nub1","Not Significant"
0.00202610810697706,0.566215716911574,0.101,0.072,1,"Aarsd1","Not Significant"
0.00204397494023833,0.442877789898051,0.217,0.174,1,"Ptk2b","Not Significant"
0.00204409769644073,0.364174237203137,0.365,0.326,1,"Fgl2","Not Significant"
0.00207699132184636,0.442443795890442,0.16,0.123,1,"Npm3","Not Significant"
0.00212209822337704,0.515506960648535,0.115,0.083,1,"Lyar","Not Significant"
0.00214143940951333,-0.339483136923695,0.299,0.33,1,"Trib1","Not Significant"
0.00214911095710586,0.390114251383924,0.193,0.153,1,"Znhit1","Not Significant"
0.00223006230606629,0.509072784926194,0.103,0.073,1,"Sash3","Not Significant"
0.00225536975244338,0.413920905012185,0.231,0.188,1,"Utp3","Not Significant"
0.00226215310796789,0.365787480945946,0.173,0.134,1,"Akap8l","Not Significant"
0.00237101583229049,0.447714837679149,0.2,0.16,1,"Gps2","Not Significant"
0.00238418097216207,0.376143294870205,0.12,0.088,1,"Phf23","Not Significant"
0.0024283445693149,-0.424833167530034,0.101,0.128,1,"Clec10a","Not Significant"
0.00246029632866754,0.340571403650294,0.199,0.157,1,"Atp13a2","Not Significant"
0.00247354586163102,0.318242500524374,0.242,0.198,1,"Ak2","Not Significant"
0.00250501462620277,0.523718143506367,0.102,0.073,1,"Lpp","Not Significant"
0.00254999219415488,0.313713748829331,0.104,0.073,1,"Kmt2b","Not Significant"
0.0025642969190023,0.383494654037021,0.229,0.187,1,"Brd7","Not Significant"
0.00257082027305559,0.433185208962205,0.167,0.129,1,"Cyth1","Not Significant"
0.00257834728605521,0.520963402938597,0.533,0.525,1,"Tgfbi","Not Significant"
0.00259357114502141,0.476365201979319,0.197,0.157,1,"Tbc1d5","Not Significant"
0.00260858940049014,0.552851477128143,0.172,0.137,1,"Cwf19l2","Not Significant"
0.00262886398803418,0.367133569361358,0.107,0.076,1,"Gla","Not Significant"
0.00265741508264915,0.674507546636253,0.105,0.076,1,"Crnkl1","Not Significant"
0.00271754093975196,-0.349393291725474,0.157,0.186,1,"Oat","Not Significant"
0.00272289210911167,0.325651601082769,0.226,0.183,1,"Eif4e2","Not Significant"
0.00274438113319214,0.561680252675239,0.102,0.073,1,"Cops8","Not Significant"
0.00276914130121981,0.387626052907634,0.202,0.161,1,"Btk","Not Significant"
0.00279629732225907,-0.39319997050832,0.202,0.231,1,"Cytip","Not Significant"
0.00286353956189023,0.49799407101317,0.104,0.074,1,"Nsd2","Not Significant"
0.00297501351937604,0.415367937156908,0.117,0.085,1,"Galnt11","Not Significant"
0.0030350540718769,0.280198707342546,0.326,0.274,1,"Epn1","Not Significant"
0.00306289518776004,0.358915658184097,0.138,0.104,1,"Isy1","Not Significant"
0.00310646864487146,0.403089563274797,0.145,0.111,1,"Wdr61","Not Significant"
0.00315440079151774,0.369716172376481,0.216,0.173,1,"Ehbp1l1","Not Significant"
0.00318269477089342,0.390994293133566,0.271,0.23,1,"Hk2","Not Significant"
0.00324525976614388,-0.31039772724508,0.356,0.392,1,"Id2","Not Significant"
0.00329777445946886,-0.278511436730641,0.203,0.234,1,"Pld3","Not Significant"
0.0033416909929236,0.417407858738158,0.17,0.133,1,"H2-Q4","Not Significant"
0.00336727179130888,-0.277616060245513,0.3,0.33,1,"Ets2","Not Significant"
0.00337390016802332,0.46630441851439,0.115,0.084,1,"Zzef1","Not Significant"
0.00341846370940343,0.40178537601411,0.177,0.14,1,"Atf7ip","Not Significant"
0.00348690093646232,0.450695096775296,0.115,0.084,1,"Herc6","Not Significant"
0.00355884650859725,0.36939721779828,0.24,0.198,1,"Cycs","Not Significant"
0.00363883514940557,0.461447305685094,0.148,0.114,1,"Ncor2","Not Significant"
0.00366354915558772,0.474255642155047,0.127,0.096,1,"Zcchc9","Not Significant"
0.00393277488179023,0.377584997556874,0.317,0.276,1,"Phf11b","Not Significant"
0.00397792963951756,0.403996790105904,0.173,0.137,1,"Hexim1","Not Significant"
0.00403103768999209,0.250534011555267,0.281,0.234,1,"Sarnp","Not Significant"
0.00406823905905348,0.528781336857311,0.105,0.077,1,"Map3k14","Not Significant"
0.0041622922479534,-0.488762299755946,0.135,0.163,1,"S100a10","Not Significant"
0.00416234291933944,0.335739098950742,0.161,0.125,1,"Fcf1","Not Significant"
0.00434648476605189,-0.251443677294558,0.149,0.178,1,"Strn3","Not Significant"
0.00470532736407723,0.32312927789116,0.151,0.116,1,"Ddit3","Not Significant"
0.00471113499534469,0.255833596910822,0.206,0.166,1,"Oasl2","Not Significant"
0.00472189120815148,-0.5712838702477,0.088,0.113,1,"Anxa1","Not Significant"
0.0047614419841358,0.314475650592312,0.248,0.204,1,"Itpripl2","Not Significant"
0.0047686561203942,0.338570367051578,0.203,0.164,1,"Ap2a2","Not Significant"
0.00478904057379846,0.389415969437785,0.144,0.111,1,"Gon4l","Not Significant"
0.00479435199280003,-0.257858603714078,0.231,0.257,1,"Tnfrsf1a","Not Significant"
0.00484585537045668,0.276800598932132,0.539,0.515,1,"Clk1","Not Significant"
0.00484933413937568,0.351695945281155,0.118,0.088,1,"Plxnd1","Not Significant"
0.00486417400546737,0.528426269749036,0.112,0.084,1,"Shoc2","Not Significant"
0.00496163295626298,0.339731624000904,0.165,0.131,1,"Knop1","Not Significant"
0.0049886699359785,0.50666946663069,0.134,0.104,1,"Cacna1d","Not Significant"
0.00504636693245456,-0.389113947206432,0.11,0.137,1,"Qpct","Not Significant"
0.0051321321830143,0.382994290595673,0.156,0.122,1,"Tlr13","Not Significant"
0.00514134638490254,0.45492963593135,0.116,0.088,1,"Acly","Not Significant"
0.00525979411483708,0.425251891245768,0.184,0.15,1,"Napsa","Not Significant"
0.00528257487256873,-0.256330500246129,0.106,0.131,1,"Prdx3","Not Significant"
0.00529625374555481,0.288972545707023,0.273,0.229,1,"Tbcb","Not Significant"
0.00547276292009438,0.516206220437519,0.12,0.09,1,"Sdccag8","Not Significant"
0.00551744746749947,0.311387536076308,0.106,0.078,1,"Arhgap27","Not Significant"
0.00556958056223705,0.259017024180127,0.138,0.105,1,"Dlst","Not Significant"
0.00564134483350363,-0.260506001920007,0.302,0.324,1,"Litaf","Not Significant"
0.00572016657515724,0.49106024693814,0.117,0.088,1,"Pes1","Not Significant"
0.0057425594868625,-0.2502388979004,0.349,0.379,1,"Cebpa","Not Significant"
0.0057966807995078,-0.393563429881081,0.115,0.14,1,"Birc2","Not Significant"
0.00584387300780161,0.319255833613016,0.29,0.249,1,"Milr1","Not Significant"
0.00587348363695786,-0.292117225548411,0.377,0.415,1,"Ctsl","Not Significant"
0.00590229589904928,0.272473822848536,0.26,0.217,1,"Rtf1","Not Significant"
0.00605332967927322,0.309743735947656,0.24,0.2,1,"Sp110","Not Significant"
0.00612441827330007,0.338445510177617,0.457,0.436,1,"Psme2","Not Significant"
0.00614267484223425,0.526917188087292,0.11,0.083,1,"Mrpl40","Not Significant"
0.00614600089813433,-0.270306110190972,0.099,0.124,1,"Vegfb","Not Significant"
0.00615026761735173,0.396254126777949,0.111,0.082,1,"Calu","Not Significant"
0.00616617952192019,-0.426499077118582,0.093,0.116,1,"Orai3","Not Significant"
0.00620782714077389,0.434970631632685,0.117,0.088,1,"Brpf1","Not Significant"
0.00622631940897064,0.362932382796648,0.213,0.176,1,"Zc3h13","Not Significant"
0.00630398510322042,0.39006338901217,0.179,0.143,1,"Impdh2","Not Significant"
0.00649803068660958,-0.421207711377833,0.079,0.101,1,"Rbpms","Not Significant"
0.00649835511338733,0.306232581899057,0.354,0.314,1,"Ppfia4","Not Significant"
0.00659297498581572,0.302905121577481,0.229,0.188,1,"Brd4","Not Significant"
0.00662868458445431,0.343159413573368,0.263,0.224,1,"Tle4","Not Significant"
0.00664723576308723,-0.261190194997986,0.106,0.131,1,"Fam162a","Not Significant"
0.0069179510141522,-0.259463527739774,0.118,0.145,1,"Clec4b1","Not Significant"
0.00692867481417031,0.442226699970842,0.123,0.093,1,"Rnf149","Not Significant"
0.00700537743120889,0.547642705511538,0.111,0.084,1,"Cd300lf","Not Significant"
0.00701500733050957,0.409125990469101,0.114,0.086,1,"Cln3","Not Significant"
0.00722168979284472,-0.310057187610229,0.255,0.281,1,"Csrnp1","Not Significant"
0.00733858186417836,-0.389485874660751,0.169,0.196,1,"Osm","Not Significant"
0.00738406329004136,-0.402884164313465,0.22,0.247,1,"Cxcr4","Not Significant"
0.00739147777626573,0.293436088980958,0.31,0.27,1,"Parp14","Not Significant"
0.00743903418936646,0.413995002130864,0.162,0.13,1,"Ifi47","Not Significant"
0.00747846091695792,0.255289166441222,0.173,0.138,1,"Rbm42","Not Significant"
0.00750519621821813,0.349293442569069,0.122,0.093,1,"2810004N23Rik","Not Significant"
0.00753912985485699,0.390797561596803,0.14,0.109,1,"Slc37a2","Not Significant"
0.00754550445070855,0.381825357592915,0.158,0.126,1,"Pik3c2a","Not Significant"
0.00755772164622768,0.338822661387994,0.268,0.23,1,"Arhgef6","Not Significant"
0.00757228071520275,0.306990581124927,0.326,0.286,1,"Fcgr4","Not Significant"
0.00766361952696469,0.348178878376961,0.19,0.155,1,"Pole4","Not Significant"
0.00767862960539575,0.392802133640434,0.145,0.113,1,"Exoc6","Not Significant"
0.00807796622916271,0.337589702558978,0.227,0.187,1,"Rnaset2a","Not Significant"
0.00809847117035267,0.531829014680268,0.105,0.078,1,"Nvl","Not Significant"
0.00810066453897862,-0.299864202981507,0.097,0.121,1,"Agpat3","Not Significant"
0.00821279514788487,-0.255734818090648,0.298,0.327,1,"Icam1","Not Significant"
0.00825292797410606,0.379844788035921,0.101,0.074,1,"Nfatc2","Not Significant"
0.00848041693813308,0.420874784065991,0.12,0.092,1,"Nudt9","Not Significant"
0.00850484324852333,0.295815137004581,0.177,0.142,1,"Prmt1","Not Significant"
0.00879974056142737,0.457530585980753,0.113,0.085,1,"Cers6","Not Significant"
0.00889570787320156,0.275163593581056,0.344,0.303,1,"Grk2","Not Significant"
0.00892106060072037,0.251065815777865,0.107,0.08,1,"Stk19","Not Significant"
0.0089272123293984,0.318011844664014,0.144,0.113,1,"Ppp4r3a","Not Significant"
0.00895838749014301,0.300340816495173,0.187,0.153,1,"Sars","Not Significant"
0.00904700295363398,0.296441648288814,0.133,0.103,1,"Micu2","Not Significant"
0.00911342525455515,0.36270466925021,0.129,0.099,1,"Sh2b3","Not Significant"
0.00912364933271301,-0.432762656367143,0.116,0.138,1,"Pdcd4","Not Significant"
0.00914902869841244,0.310247855523419,0.347,0.309,1,"Svbp","Not Significant"
0.00934837829679088,-0.379508112581181,0.091,0.113,1,"Serpinb8","Not Significant"
0.00939469281243369,0.55572013115218,0.156,0.126,1,"mt-Nd6","Not Significant"
0.00940612933944169,0.3613823809109,0.177,0.142,1,"Glrx","Not Significant"
0.00954029111135179,0.295149053062712,0.175,0.141,1,"Utp14a","Not Significant"
0.00956319496182698,0.356188582874683,0.197,0.163,1,"Kat6a","Not Significant"
0.00962630261784942,0.305682059627755,0.204,0.167,1,"Rsrc1","Not Significant"
0.00966345540280594,0.407806743292963,0.187,0.153,1,"Exosc8","Not Significant"
0.00986443968455043,-0.587137098044298,0.092,0.114,1,"Tnfsf9","Not Significant"
0.010065320649627,0.435461709350919,0.1,0.075,1,"Rae1","Not Significant"
0.0101129329644249,0.349611800896328,0.135,0.105,1,"Ehmt2","Not Significant"
0.0102865863872951,0.277748987254719,0.315,0.274,1,"Llph","Not Significant"
0.0103360834674589,0.3201259173372,0.191,0.158,1,"Ddx18","Not Significant"
0.0104807250689881,0.410728985094477,0.196,0.161,1,"Mcub","Not Significant"
0.0105058974206793,0.270561709595004,0.296,0.253,1,"Caprin1","Not Significant"
0.0105593902466493,-0.417368005077229,0.129,0.152,1,"Insig1","Not Significant"
0.0106192081076572,0.284100653250759,0.154,0.123,1,"Itpkb","Not Significant"
0.0107754405668502,0.342250013689368,0.184,0.151,1,"Eif3g","Not Significant"
0.0108441918525499,0.443561456429038,0.174,0.143,1,"Lyl1","Not Significant"
0.0109229512250482,-0.32917363394403,0.17,0.194,1,"Cnot4","Not Significant"
0.0109364079845031,-0.331234341099665,0.394,0.42,1,"Vim","Not Significant"
0.0113144220410211,0.461627623813796,0.178,0.147,1,"Ifi35","Not Significant"
0.0113606763857729,0.380484365367155,0.173,0.141,1,"Trim44","Not Significant"
0.0115068976808836,0.350749780895307,0.27,0.234,1,"Zfas1","Not Significant"
0.0117502226512878,-0.287905756166317,0.278,0.301,1,"Coq10b","Not Significant"
0.0118930699047614,0.425801872613113,0.11,0.084,1,"Atg12","Not Significant"
0.0120679670652521,0.357717006286822,0.134,0.104,1,"Cmklr1","Not Significant"
0.0122000510157082,0.263485286188663,0.28,0.242,1,"Aimp1","Not Significant"
0.0123679617884118,0.330594685064475,0.14,0.11,1,"Ankrd13a","Not Significant"
0.0124632205664422,-0.381119488451454,0.167,0.193,1,"Tmx4","Not Significant"
0.0125592754415459,0.332650186613665,0.283,0.249,1,"Rdx","Not Significant"
0.0129172805441946,0.403750327608244,0.128,0.1,1,"Slc35c2","Not Significant"
0.0129472666076268,-0.283644271722183,0.101,0.123,1,"Pde3b","Not Significant"
0.01316004539369,-0.296935248373826,0.143,0.166,1,"9530068E07Rik","Not Significant"
0.013175410428611,-0.280467136942917,0.148,0.173,1,"Ppp1cb","Not Significant"
0.0132569587760152,-0.299484721681043,0.082,0.103,1,"Mid1ip1","Not Significant"
0.0134090538260405,0.552124387013362,0.1,0.077,1,"Pcnt","Not Significant"
0.013511130687142,0.378486923194102,0.115,0.089,1,"Cbfb","Not Significant"
0.0135145442294277,0.33082472830267,0.119,0.093,1,"Tubgcp5","Not Significant"
0.0137304679050009,0.351521283858136,0.206,0.172,1,"Fmnl1","Not Significant"
0.0141831312521757,-0.452552894754218,0.111,0.132,1,"Gfpt1","Not Significant"
0.0142536924921577,0.347197566935592,0.204,0.169,1,"Rasa4","Not Significant"
0.0143264808074659,0.401463576908108,0.14,0.113,1,"Sec31a","Not Significant"
0.0143606103966794,-0.321218186054751,0.147,0.169,1,"Smpdl3a","Not Significant"
0.014383117888513,0.417491513813701,0.175,0.146,1,"Cir1","Not Significant"
0.014458478733146,0.31498412691953,0.127,0.099,1,"Apobr","Not Significant"
0.0150263220508509,0.330597141322133,0.201,0.168,1,"Plaat3","Not Significant"
0.0150935058174484,0.39217305493929,0.216,0.183,1,"Mrpl18","Not Significant"
0.0151680472779621,0.279917465392113,0.256,0.218,1,"Ap1s2","Not Significant"
0.0151758046209712,0.261104935373741,0.189,0.155,1,"Irak1","Not Significant"
0.015224760533066,0.486777901238407,0.139,0.112,1,"Asnsd1","Not Significant"
0.0152316407988434,0.575623912717895,0.163,0.135,1,"Ifit3","Not Significant"
0.0152350392781738,-0.250230798329198,0.274,0.299,1,"Dnajc3","Not Significant"
0.0152409228014656,0.405505544525412,0.106,0.081,1,"Sharpin","Not Significant"
0.015247143556255,0.32368814485746,0.127,0.098,1,"Pisd","Not Significant"
0.0152728384742458,0.321826979835849,0.134,0.106,1,"Tbc1d20","Not Significant"
0.0154663066943128,0.283534186646256,0.223,0.188,1,"Samd9l","Not Significant"
0.0155734576763257,0.37492052375883,0.106,0.08,1,"Zfp593","Not Significant"
0.0156313446321447,0.387855542420049,0.1,0.076,1,"Ctnnbl1","Not Significant"
0.0156948000815719,0.318784703441687,0.283,0.248,1,"Cebpz","Not Significant"
0.0158250798220418,0.26403150165321,0.163,0.132,1,"Naa15","Not Significant"
0.0159874079394655,0.305204394273907,0.122,0.095,1,"Cyp51","Not Significant"
0.016092383172997,-0.267274959368082,0.133,0.155,1,"Stt3a","Not Significant"
0.0161453801131335,0.372697707741022,0.143,0.114,1,"Coa5","Not Significant"
0.0162709925783428,0.309811138482576,0.172,0.141,1,"Extl3","Not Significant"
0.016272288882725,0.439815912497236,0.126,0.099,1,"Mrps26","Not Significant"
0.0163183571561163,0.374690181208691,0.165,0.135,1,"Nmi","Not Significant"
0.016431262289585,0.272855356250121,0.262,0.223,1,"U2af1","Not Significant"
0.0165017404200383,0.405655948474368,0.193,0.163,1,"Cdk6","Not Significant"
0.016704901597466,0.47339813886077,0.124,0.098,1,"Fbxw11","Not Significant"
0.0167594667927398,0.311549362858305,0.217,0.182,1,"Rnf111","Not Significant"
0.0168092417113064,0.325648375904244,0.23,0.194,1,"Clec5a","Not Significant"
0.0172818477200905,0.419923269545579,0.115,0.09,1,"Gm2000","Not Significant"
0.0172844042547496,0.317368644423207,0.161,0.133,1,"Kpna3","Not Significant"
0.017546681808048,0.347719118239858,0.142,0.113,1,"Elovl1","Not Significant"
0.017737423364839,0.26685963824988,0.286,0.246,1,"Chmp3","Not Significant"
0.0179005026226774,0.340478313402963,0.149,0.12,1,"Dpm2","Not Significant"
0.0181941835529004,0.456440861877581,0.105,0.082,1,"Brd3","Not Significant"
0.0182968411974335,0.336040625369162,0.179,0.148,1,"Wdr89","Not Significant"
0.0184882536679498,0.353876159737116,0.153,0.125,1,"Fmnl3","Not Significant"
0.0186195645881217,0.398314107484748,0.141,0.113,1,"Gfer","Not Significant"
0.0188408196875389,0.43449707876393,0.106,0.083,1,"Mtrex","Not Significant"
0.0189442430771909,0.328432530947728,0.114,0.089,1,"Blmh","Not Significant"
0.0191729753906982,0.793431498684263,0.114,0.093,1,"Hist1h1e","Not Significant"
0.0193085445027803,0.363256034209031,0.133,0.106,1,"Zc3h18","Not Significant"
0.0193112483319431,-0.279691891456775,0.188,0.209,1,"Sdhd","Not Significant"
0.0193548070066594,0.29449921288441,0.128,0.102,1,"Trim26","Not Significant"
0.01945174791887,0.346659585129777,0.101,0.078,1,"Mfsd12","Not Significant"
0.0199012327293846,0.344182106506385,0.15,0.122,1,"Slamf8","Not Significant"
0.0206614015544128,0.361673742020185,0.123,0.098,1,"Hras","Not Significant"
0.0207927051025122,-0.295216327112942,0.132,0.154,1,"Rab6a","Not Significant"
0.0208164596823311,0.260122533918018,0.244,0.209,1,"Dnajc2","Not Significant"
0.0209742614149956,0.371631319226109,0.139,0.113,1,"Casp8ap2","Not Significant"
0.02128963193132,-0.303232140016255,0.144,0.164,1,"Ift20","Not Significant"
0.0215376040818844,0.371739321952658,0.186,0.157,1,"Gbp7","Not Significant"
0.0215793687362134,0.283004407504848,0.208,0.175,1,"Rpl7l1","Not Significant"
0.0218243577359074,0.327609164959169,0.137,0.11,1,"Myo1c","Not Significant"
0.0219508654742548,0.257833369586153,0.239,0.204,1,"Otulin","Not Significant"
0.0223451388200764,0.355386678730901,0.164,0.137,1,"Galnt7","Not Significant"
0.0225365699670313,0.264910032442484,0.427,0.395,1,"Tuba1b","Not Significant"
0.0227232804640496,0.331483048686853,0.103,0.08,1,"Ncbp3","Not Significant"
0.0230789991672523,0.484472211442883,0.116,0.092,1,"Pstpip1","Not Significant"
0.0236308975461287,-0.27687192012208,0.103,0.123,1,"Ebpl","Not Significant"
0.0237221190149396,0.295219794284809,0.263,0.229,1,"Fam104a","Not Significant"
0.024175074517159,0.339956080381948,0.101,0.078,1,"Fam91a1","Not Significant"
0.0243585971582759,-0.35302392548838,0.153,0.173,1,"5430427O19Rik","Not Significant"
0.0245233345994656,0.393243005218235,0.109,0.085,1,"Asna1","Not Significant"
0.0245998691711221,0.297906702455732,0.14,0.113,1,"Stk11","Not Significant"
0.0257936343418508,-0.290584999789837,0.143,0.164,1,"Zfp704","Not Significant"
0.026096541826509,0.32741281340566,0.137,0.112,1,"Vcpip1","Not Significant"
0.0262597309999518,0.279451791000429,0.26,0.224,1,"Bin2","Not Significant"
0.0264959288737506,0.256353760904651,0.213,0.181,1,"Ndufs3","Not Significant"
0.0266090053193276,0.401926594807899,0.108,0.085,1,"Tbc1d14","Not Significant"
0.0267440970866496,0.287153498912616,0.198,0.168,1,"Sh2d1b1","Not Significant"
0.0280368695320687,0.251267955016268,0.208,0.177,1,"Ifi209","Not Significant"
0.0280965342905188,-0.313280897776264,0.09,0.108,1,"Sqor","Not Significant"
0.0283027337748838,0.279564659740134,0.135,0.109,1,"Gmfb","Not Significant"
0.0284376813836068,-0.276944332997914,0.206,0.225,1,"Spg21","Not Significant"
0.0285048486791633,0.340451468401248,0.185,0.156,1,"Ube2j1","Not Significant"
0.0285456972695713,-0.251715030555937,0.131,0.151,1,"Cpsf6","Not Significant"
0.028637236121283,0.260967841012394,0.337,0.301,1,"Kmt2e","Not Significant"
0.0288594680282388,0.348080246713214,0.151,0.124,1,"Tomm70a","Not Significant"
0.0291380771011745,0.402208889000963,0.155,0.128,1,"Renbp","Not Significant"
0.0296203162376012,0.406655427844619,0.159,0.133,1,"Ccdc124","Not Significant"
0.029989678023167,0.261382020235266,0.155,0.128,1,"Yipf1","Not Significant"
0.03030119600867,0.306743623388055,0.184,0.154,1,"Ppp1r9b","Not Significant"
0.0303107411652137,0.268009296717294,0.156,0.128,1,"B4galnt1","Not Significant"
0.0309645225032431,0.299716245883613,0.119,0.096,1,"Timm44","Not Significant"
0.0311195596522366,0.339311338539625,0.104,0.082,1,"Dcaf13","Not Significant"
0.0313469185987378,0.375120335802417,0.114,0.091,1,"Usp47","Not Significant"
0.031371712021903,0.322916121144734,0.124,0.101,1,"Socs6","Not Significant"
0.0314406211895801,-0.302263448754946,0.145,0.163,1,"Ufm1","Not Significant"
0.0314504817783516,0.402030319807161,0.113,0.091,1,"Setx","Not Significant"
0.0314569671654273,0.266818455021189,0.129,0.103,1,"Gsap","Not Significant"
0.0315641756645121,0.387228769859205,0.124,0.1,1,"Snd1","Not Significant"
0.0316651910790645,0.286700949902253,0.177,0.148,1,"Plcg2","Not Significant"
0.032085288224809,0.33798880381911,0.111,0.088,1,"Nagpa","Not Significant"
0.0322042517170206,0.317046184493872,0.153,0.127,1,"Ankfy1","Not Significant"
0.0328781638190948,0.270485938978043,0.137,0.11,1,"Ppt2","Not Significant"
0.0329231063923489,-0.349437362807922,0.095,0.113,1,"BC005561","Not Significant"
0.0332397967370609,0.363591912546174,0.142,0.118,1,"Dctpp1","Not Significant"
0.0334633255600633,-0.31382647828861,0.235,0.25,1,"Ndel1","Not Significant"
0.0334826456185554,0.380906808444364,0.205,0.179,1,"Ktn1","Not Significant"
0.0336010958543082,0.313121218022616,0.197,0.168,1,"Cops6","Not Significant"
0.0338429970168306,0.393123587485865,0.147,0.122,1,"Pdhb","Not Significant"
0.0338929839532496,0.310163267950753,0.138,0.113,1,"Ddx58","Not Significant"
0.033977780390196,0.472839076076975,0.139,0.115,1,"Nsfl1c","Not Significant"
0.0342771442103289,0.427843230274931,0.104,0.083,1,"Nsun2","Not Significant"
0.0348109783969057,0.403072175385838,0.131,0.107,1,"Rpl9-ps6","Not Significant"
0.0348435028077539,0.306671474647201,0.142,0.117,1,"Ifi213","Not Significant"
0.034976115040243,0.335731580215802,0.25,0.221,1,"Zc3h15","Not Significant"
0.0350916205581086,0.25921029670832,0.253,0.219,1,"March1","Not Significant"
0.0352356761736805,0.258388133047442,0.145,0.119,1,"Man2a1","Not Significant"
0.0353495120835322,0.344104495971821,0.127,0.103,1,"Mast3","Not Significant"
0.0353546258778299,0.269997149250976,0.177,0.149,1,"Tmem147","Not Significant"
0.03544666743195,0.261454570628692,0.437,0.417,1,"Gpr183","Not Significant"
0.0357397132784254,0.372872287472983,0.107,0.087,1,"Xylt1","Not Significant"
0.0360204551916454,-0.251674095953162,0.161,0.179,1,"Ppm1g","Not Significant"
0.0361771113825801,0.282645454414891,0.119,0.095,1,"Gba","Not Significant"
0.0362505097288098,0.347975980591911,0.109,0.087,1,"Arl5a","Not Significant"
0.036465502658726,0.333994055459694,0.165,0.138,1,"Gbp3","Not Significant"
0.0364692346872955,0.420789336604138,0.115,0.093,1,"Ipo7","Not Significant"
0.0373131134870378,0.415422954922759,0.101,0.08,1,"Dhx38","Not Significant"
0.0373708986251637,0.320175654623157,0.134,0.11,1,"Bms1","Not Significant"
0.0374597050559945,0.254849999738742,0.237,0.205,1,"Ogfrl1","Not Significant"
0.0377790216188015,0.317708189503048,0.257,0.228,1,"Rps6ka1","Not Significant"
0.0378365737142874,-0.273943787663742,0.102,0.119,1,"Smarcb1","Not Significant"
0.0384920661401852,0.341386705039936,0.216,0.188,1,"Ssr2","Not Significant"
0.03863278951814,0.38995471129535,0.104,0.083,1,"Ruvbl1","Not Significant"
0.0387729884791478,0.301721222263255,0.117,0.094,1,"Prpf38a","Not Significant"
0.0388912556125369,0.375800538198197,0.156,0.133,1,"Plxdc2","Not Significant"
0.0391745054245878,0.32208377906513,0.133,0.109,1,"Bmt2","Not Significant"
0.0393525811260934,0.386063866790832,0.112,0.091,1,"Impa1","Not Significant"
0.0404299186243726,0.251135295364237,0.267,0.234,1,"Ndufs8","Not Significant"
0.0407620441991856,0.2594913590959,0.129,0.105,1,"Csf3r","Not Significant"
0.0415418650463713,0.385245108868479,0.124,0.102,1,"Acox3","Not Significant"
0.0418965985144495,0.253461400843647,0.108,0.086,1,"Chmp1b","Not Significant"
0.0419172195004234,-0.291199765732411,0.301,0.319,1,"Glul","Not Significant"
0.0419878987586047,0.291132829071361,0.119,0.096,1,"Ngdn","Not Significant"
0.0425744883204909,0.301435397475759,0.237,0.207,1,"Eif6","Not Significant"
0.0435780892254625,0.268414369086258,0.216,0.188,1,"Lsm12","Not Significant"
0.0437343765427451,-0.268764852762452,0.16,0.178,1,"Taf7","Not Significant"
0.0440776825617785,0.298149069790524,0.208,0.177,1,"Gmip","Not Significant"
0.0445009311874229,0.380136016003315,0.112,0.091,1,"Tmem259","Not Significant"
0.0447037808433192,0.254251871398514,0.218,0.188,1,"Irf9","Not Significant"
0.0449044626202811,0.285789686207093,0.126,0.103,1,"D5Ertd579e","Not Significant"
0.0449101350782015,0.454848989825754,0.115,0.094,1,"Sap30l","Not Significant"
0.0450744994912127,0.265534164749598,0.253,0.224,1,"Hpf1","Not Significant"
0.045542791065002,-0.623868384804982,0.15,0.17,1,"Ccl7","Not Significant"
0.0459927488596761,0.323203628639463,0.115,0.094,1,"Tm2d3","Not Significant"
0.0463929406444823,0.369853697876656,0.12,0.098,1,"Mrpl35","Not Significant"
0.046490668110139,0.267346615796049,0.118,0.095,1,"Pfkfb4","Not Significant"
0.0467747741790245,-0.293443128624967,0.166,0.186,1,"Cfp","Not Significant"
0.0473612183988253,0.35336190637082,0.115,0.093,1,"Zhx1","Not Significant"
0.047754945347992,0.301386304791639,0.105,0.084,1,"Ltbr","Not Significant"
0.0479138258312393,0.420837357617803,0.11,0.09,1,"Ykt6","Not Significant"
0.0485059836778289,0.294418834526486,0.105,0.085,1,"Prkar2a","Not Significant"
0.0490263088034331,0.309694699595701,0.128,0.106,1,"Pum3","Not Significant"
0.04942210560065,-0.263649097626648,0.099,0.115,1,"Mrps28","Not Significant"
0.0497384540243648,-0.374983324622739,0.161,0.179,1,"Traf1","Not Significant"
0.049873379222862,0.2802771801938,0.102,0.082,1,"Magohb","Not Significant"
0.0505361793922902,-0.267920441496118,0.113,0.13,1,"Rchy1","Not Significant"
0.0512242211785431,0.371030304658418,0.112,0.091,1,"Arfrp1","Not Significant"
0.0520654132462721,0.277808080204187,0.175,0.149,1,"Sdhc","Not Significant"
0.0525014476966236,0.252270348733339,0.196,0.168,1,"Dhx9","Not Significant"
0.0525373535315349,0.287734185734727,0.144,0.12,1,"Eed","Not Significant"
0.0529845008090584,-0.252960547927793,0.15,0.167,1,"Sdf2","Not Significant"
0.053048422869766,0.29873708260293,0.109,0.088,1,"Erap1","Not Significant"
0.0532120729208411,0.252911866591914,0.213,0.188,1,"Tnfsf13b","Not Significant"
0.0537557895677972,0.349593776303427,0.118,0.098,1,"Aqr","Not Significant"
0.0539797659103967,0.263391215000796,0.21,0.183,1,"Tlk1","Not Significant"
0.0542351455500244,0.286607994255968,0.163,0.139,1,"Rnps1","Not Significant"
0.0542452553449638,0.363863542929388,0.143,0.12,1,"Hat1","Not Significant"
0.0546078888132854,0.427308710932616,0.133,0.112,1,"Odr4","Not Significant"
0.0555869026877572,0.373017557018593,0.102,0.083,1,"Dohh","Not Significant"
0.0556484800143224,-0.258274015700569,0.114,0.13,1,"Stx12","Not Significant"
0.0560805009270632,0.397282628139925,0.112,0.093,1,"Dhx8","Not Significant"
0.0572290749987614,-0.327147478581158,0.105,0.12,1,"Mfsd10","Not Significant"
0.0573153670685123,0.370094687825707,0.114,0.093,1,"Trpv2","Not Significant"
0.0574091644550862,-0.328191300644152,0.155,0.171,1,"Ccr1","Not Significant"
0.0580339257774107,0.390344197720139,0.204,0.178,1,"Sipa1","Not Significant"
0.0580750580728281,-0.257825350673744,0.186,0.202,1,"Emb","Not Significant"
0.0587927751403431,-0.288653527522898,0.088,0.103,1,"Rspry1","Not Significant"
0.0588631330762198,0.296036484100083,0.116,0.095,1,"Ddx52","Not Significant"
0.0589720777580684,0.357720704509744,0.159,0.136,1,"Cops5","Not Significant"
0.0592418978313117,0.268232995619886,0.126,0.105,1,"Exoc5","Not Significant"
0.0598327751808992,0.25132193096578,0.312,0.28,1,"Igsf6","Not Significant"
0.0610160256330932,0.290707004115744,0.158,0.134,1,"Slu7","Not Significant"
0.0629001426096288,0.308562946396388,0.148,0.126,1,"Myo1e","Not Significant"
0.0645004203858314,0.261570886625684,0.134,0.111,1,"Nus1","Not Significant"
0.0647941170108586,0.290852393445271,0.174,0.151,1,"Fam133b","Not Significant"
0.0648280116679965,0.305085332791979,0.139,0.118,1,"Mrpl58","Not Significant"
0.0648786005977463,0.302247895175803,0.139,0.118,1,"Txlna","Not Significant"
0.0650033239010676,0.299819098640663,0.13,0.108,1,"Fdx2","Not Significant"
0.0655520689556595,0.274637434923601,0.241,0.213,1,"Hif1a","Not Significant"
0.0657072327778042,0.380596426348246,0.135,0.114,1,"Ap1s1","Not Significant"
0.0659421335452684,0.325336626996731,0.1,0.082,1,"Sfmbt1","Not Significant"
0.0670404272472664,0.261060225881745,0.199,0.173,1,"Psmd1","Not Significant"
0.0682730750918819,0.36308618620368,0.1,0.082,1,"Cdk19","Not Significant"
0.0683427301947336,-0.325873871940157,0.09,0.104,1,"Klf7","Not Significant"
0.0685166974006701,0.349383387393166,0.128,0.107,1,"Myo1g","Not Significant"
0.0691024496447992,0.254253197432472,0.165,0.14,1,"Coro1c","Not Significant"
0.0696615841430011,0.262245415831788,0.145,0.123,1,"Gatad1","Not Significant"
0.0704051430490422,0.297311862226722,0.135,0.113,1,"2310011J03Rik","Not Significant"
0.0716871329006799,0.25670675903248,0.208,0.182,1,"Commd1","Not Significant"
0.072776044296542,0.283000071606605,0.109,0.09,1,"Fgd3","Not Significant"
0.0739546602190701,0.257160538736535,0.383,0.355,1,"Taok3","Not Significant"
0.075073209379241,0.260411130652098,0.109,0.089,1,"Camta2","Not Significant"
0.0754841258011164,0.32040455793034,0.188,0.164,1,"Mvb12a","Not Significant"
0.075677109808143,0.311454840625397,0.103,0.085,1,"Xpr1","Not Significant"
0.0757511880678007,0.413521789640367,0.13,0.11,1,"Ilkap","Not Significant"
0.0768331722393983,0.384970289283636,0.122,0.103,1,"Gtf3a","Not Significant"
0.0770226150504285,0.269744048122884,0.215,0.188,1,"Themis2","Not Significant"
0.0781092826847321,0.257395366951134,0.151,0.129,1,"Setd5","Not Significant"
0.0799549276981281,-0.38388680617893,0.194,0.204,1,"Got1","Not Significant"
0.0804077588089818,0.26588952722024,0.106,0.088,1,"Pgs1","Not Significant"
0.0806784538883827,-0.269504877096216,0.11,0.124,1,"Nkap","Not Significant"
0.0810325780306436,0.279432545393854,0.112,0.093,1,"Spata13","Not Significant"
0.0818190375534027,0.375634783784836,0.58,0.602,1,"Ifi30","Not Significant"
0.0824219784462489,0.277560764583269,0.137,0.116,1,"Haus8","Not Significant"
0.0827336136929356,0.407667669343927,0.118,0.099,1,"Sgta","Not Significant"
0.0832220116044105,-0.264402403951706,0.149,0.164,1,"Nfat5","Not Significant"
0.0834349057303675,0.279941445383534,0.126,0.107,1,"Prkcsh","Not Significant"
0.0842673532667255,0.252968800928288,0.116,0.097,1,"CAAA01118383.1","Not Significant"
0.0850635544791235,0.33242809505576,0.127,0.108,1,"Rabl6","Not Significant"
0.0859623777963659,0.268170058160036,0.107,0.088,1,"Cyhr1","Not Significant"
0.086398939585416,0.267395059184012,0.138,0.117,1,"Hlx","Not Significant"
0.0866471186134356,0.268918406672943,0.173,0.15,1,"Mrpl27","Not Significant"
0.0868985409859958,0.339876002478071,0.101,0.083,1,"Ccng1","Not Significant"
0.0882245867570722,-0.255459610203173,0.093,0.107,1,"Cdc73","Not Significant"
0.0896320256765992,0.261270641059693,0.156,0.134,1,"Gtf2f1","Not Significant"
0.0901082730588436,0.335423250336413,0.105,0.088,1,"Antxr2","Not Significant"
0.0910306491491038,0.392390018592596,0.135,0.118,1,"Cetn2","Not Significant"
0.0918349139895664,0.261127960016414,0.137,0.116,1,"Abcd1","Not Significant"
0.0924520285401997,-0.473896597482472,0.373,0.386,1,"Ccl2","Not Significant"
0.0927234859692971,0.27128929022057,0.127,0.108,1,"Ctbp2","Not Significant"
0.0927718272294133,0.326917511617681,0.13,0.111,1,"Naaa","Not Significant"
0.093332343863682,-0.285450812222932,0.104,0.118,1,"Slc30a5","Not Significant"
0.0934041432172747,0.297994960471552,0.138,0.118,1,"Triap1","Not Significant"
0.0944599378093433,0.333931687473358,0.131,0.113,1,"Brd9","Not Significant"
0.0950552189460613,0.25112760161733,0.205,0.182,1,"Srp19","Not Significant"
0.0998399224718516,0.27524263877738,0.149,0.128,1,"Mysm1","Not Significant"
0.10016864428068,0.302016100595935,0.205,0.185,1,"Abcg1","Not Significant"
0.100650898759647,0.281971308425285,0.133,0.114,1,"Zmat5","Not Significant"
0.101127264578957,0.316786217078042,0.118,0.1,1,"Mgat1","Not Significant"
0.104073797294726,0.332410305952585,0.14,0.121,1,"Pds5a","Not Significant"
0.105228848382669,0.31997123625951,0.105,0.088,1,"Cmtr1","Not Significant"
0.106063838018266,0.26509708092861,0.112,0.094,1,"Hspa14","Not Significant"
0.106716435440989,0.293090268088396,0.111,0.093,1,"Rps19bp1","Not Significant"
0.108381793755826,0.263558869230012,0.123,0.104,1,"Gng12","Not Significant"
0.108991375740158,0.312314159629526,0.104,0.088,1,"Ppp3cb","Not Significant"
0.109791734410584,-0.262555545190137,0.091,0.104,1,"Zfp395","Not Significant"
0.1098628372295,0.352449828562803,0.182,0.164,1,"Golga4","Not Significant"
0.110708488464892,-0.279237735049267,0.103,0.116,1,"Oard1","Not Significant"
0.110802373542126,0.350624362712959,0.144,0.126,1,"Vapb","Not Significant"
0.111804197917976,0.254408750337557,0.113,0.096,1,"Med1","Not Significant"
0.112297737234043,0.254140380139837,0.207,0.184,1,"Nampt","Not Significant"
0.112713218354969,-0.258989586475223,0.115,0.128,1,"Kmt5a","Not Significant"
0.113593374323335,0.251627857361839,0.185,0.162,1,"Prrc2a","Not Significant"
0.113764882983864,0.291406776002762,0.101,0.085,1,"Etv5","Not Significant"
0.115797480404127,0.255258723051472,0.175,0.155,1,"Slc4a7","Not Significant"
0.11625222153352,0.298651579534644,0.125,0.107,1,"Dpp8","Not Significant"
0.11653411149752,0.37839724018224,0.114,0.098,1,"Slc35b1","Not Significant"
0.116565254473904,0.253624412644218,0.113,0.097,1,"Rif1","Not Significant"
0.117319640116971,0.294109559102661,0.277,0.253,1,"AI662270","Not Significant"
0.117428266186166,0.253321393393225,0.113,0.096,1,"Slc38a10","Not Significant"
0.119145264027693,0.261398048385406,0.103,0.087,1,"Dctn5","Not Significant"
0.119786666462406,0.261757529840194,0.113,0.097,1,"Casc3","Not Significant"
0.121912623693861,0.36433662059875,0.101,0.086,1,"Jkamp","Not Significant"
0.122759611179642,0.253422558223737,0.197,0.177,1,"Clec4a1","Not Significant"
0.123636815793502,0.318000197580149,0.21,0.192,1,"G530011O06Rik","Not Significant"
0.124108570238907,0.261561438043828,0.15,0.131,1,"Exosc5","Not Significant"
0.125370674693144,-0.319893310813024,0.106,0.118,1,"Rapsn","Not Significant"
0.125748513286174,0.287188956872867,0.185,0.163,1,"Uap1l1","Not Significant"
0.129036417982509,0.261045348298317,0.212,0.19,1,"Psmc2","Not Significant"
0.132353881124539,0.263419078016676,0.169,0.148,1,"Tcof1","Not Significant"
0.136593727580742,0.312267921592645,0.112,0.096,1,"Cdc34","Not Significant"
0.13784943704952,0.257165061097166,0.288,0.264,1,"Lrrc25","Not Significant"
0.137980395908961,0.295178370946754,0.154,0.134,1,"Noc2l","Not Significant"
0.138505858045976,0.28944827750229,0.176,0.156,1,"Mcur1","Not Significant"
0.1404339895091,0.2837838637203,0.108,0.093,1,"Yif1a","Not Significant"
0.145324016872462,-0.334394339317187,0.123,0.136,1,"S100a4","Not Significant"
0.146417243476147,0.261928737176398,0.124,0.108,1,"Lhfpl2","Not Significant"
0.148804797855712,-0.32919949181791,0.09,0.101,1,"Arrb1","Not Significant"
0.151392194967235,0.255711497285627,0.1,0.085,1,"Scaf8","Not Significant"
0.151481775805873,-0.264610131483365,0.188,0.198,1,"Tet3","Not Significant"
0.153337891058877,0.266390321436959,0.128,0.112,1,"Slc39a7","Not Significant"
0.154805555236203,0.282508959183309,0.127,0.111,1,"Lrch3","Not Significant"
0.157837557227076,0.256141012268008,0.245,0.224,1,"Polr2e","Not Significant"
0.158851944899762,0.265786694329767,0.113,0.098,1,"Fh1","Not Significant"
0.161585368022088,0.302357782365642,0.214,0.194,1,"Eif3d","Not Significant"
0.162077252317635,0.272962561645562,0.242,0.219,1,"Arhgef2","Not Significant"
0.166519482769283,0.293060618153657,0.162,0.144,1,"Anxa4","Not Significant"
0.167219294994084,-0.295240950711167,0.151,0.163,1,"Chka","Not Significant"
0.168066926522692,0.346369713898807,0.128,0.113,1,"Trappc10","Not Significant"
0.170019159071767,0.418423447950063,0.13,0.116,1,"Ddb1","Not Significant"
0.171594330124751,0.259955905945432,0.161,0.143,1,"Rasa1","Not Significant"
0.172928482604464,0.257120251823033,0.17,0.151,1,"Eif3b","Not Significant"
0.179386123034721,0.321074130275237,0.135,0.118,1,"Cnot2","Not Significant"
0.179567577008989,0.40919894627304,0.493,0.494,1,"Lgals3","Not Significant"
0.187032867397632,0.258172850091741,0.131,0.116,1,"Ppm1a","Not Significant"
0.187931361731053,0.360190855440337,0.169,0.158,1,"Ch25h","Not Significant"
0.188335054638941,-0.25810070595977,0.101,0.11,1,"Dcaf12","Not Significant"
0.18947438044265,0.29990224235823,0.107,0.093,1,"Ganab","Not Significant"
0.190617140063952,0.294859480850916,0.128,0.113,1,"Lage3","Not Significant"
0.192171902050303,0.253142743941228,0.112,0.098,1,"Ppp6r3","Not Significant"
0.202390712448175,0.250903624329765,0.104,0.09,1,"Txnl4a","Not Significant"
0.218129476353014,0.284382293211583,0.102,0.089,1,"Atf7","Not Significant"
0.222202384602061,0.417376754200276,0.133,0.12,1,"Ppp1r7","Not Significant"
0.229955065010092,-0.350849137591962,0.092,0.101,1,"Fdps","Not Significant"
0.232393112525373,-0.33750142602235,0.102,0.11,1,"Mapk6","Not Significant"
0.241308374038796,0.2724560070465,0.115,0.103,1,"Mphosph10","Not Significant"
0.244547548148406,-0.344739233804765,0.133,0.14,1,"Plaur","Not Significant"
0.245472362079868,-0.256959289465455,0.096,0.104,1,"Ralgps2","Not Significant"
0.25668110292613,0.31323703505568,0.119,0.107,1,"Pgrmc2","Not Significant"
0.27061734515932,0.251027205885297,0.14,0.126,1,"Gadd45gip1","Not Significant"
0.279658512383324,0.353085076669255,0.109,0.099,1,"Rhoc","Not Significant"
0.286577931544001,0.290706743021818,0.125,0.113,1,"Upf3a","Not Significant"
0.287171639154477,-0.267131780038063,0.11,0.116,1,"Arf2","Not Significant"
0.301109900997102,0.303425846553052,0.155,0.142,1,"Bcl7c","Not Significant"
0.305861743938292,0.281599336000729,0.102,0.091,1,"Znrd2","Not Significant"
0.307511140596104,-0.278260446484099,0.137,0.143,1,"Cln8","Not Significant"
0.312063018981129,0.293124366559477,0.17,0.158,1,"Pik3cg","Not Significant"
0.322448278236277,0.297484071237521,0.1,0.09,1,"Rasa2","Not Significant"
0.324725098415263,0.320225571584268,0.102,0.093,1,"Prpf39","Not Significant"
0.331117488416564,0.273329650979743,0.1,0.089,1,"Cpsf3","Not Significant"
0.349167129172253,0.252716306492539,0.171,0.159,1,"Nfix","Not Significant"
0.354036862976901,-0.26614203715601,0.104,0.109,1,"Mthfsl","Not Significant"
0.357357488014057,-0.32606458167755,0.098,0.103,1,"Nfil3","Not Significant"
0.368214617834443,0.250227644084297,0.146,0.134,1,"Sel1l","Not Significant"
0.368460442622707,0.283838458832522,0.218,0.209,1,"Tagap","Not Significant"
0.372649679953612,-0.324265256462083,0.106,0.111,1,"Pvr","Not Significant"
0.388434331507156,-0.280726695280436,0.132,0.135,1,"Gpr132","Not Significant"
0.3927836904299,0.262807514243649,0.124,0.114,1,"Dnmt1","Not Significant"
0.43169793839269,-0.283169619341838,0.13,0.134,1,"Irs2","Not Significant"
0.433061227805914,0.299400586728284,0.116,0.109,1,"Ttc28","Not Significant"
0.468279032693321,0.252466810246695,0.135,0.125,1,"Aip","Not Significant"
0.523635341961087,-0.308913857232029,0.106,0.108,1,"Dot1l","Not Significant"
0.69990800693868,0.285535128668954,0.101,0.097,1,"Ppfia1","Not Significant"
0.742387416062615,-0.284663901274378,0.195,0.191,1,"Odc1","Not Significant"
0.985229913591293,-0.294494663202519,0.136,0.133,1,"Wfdc18","Not Significant"
